<?xml version="1.0" encoding="utf-8"?>
<odoo>
    <data noupdate="1">
        <record id="approval_category_data_return_approval" model="approval.category">
            <field name="name">Create Return</field>
            <field name="approval_type">return</field>
            <!-- <field name="image" type="base64" file="approvals_purchase/static/src/img/shopping-cart-po-solid.svg"/> -->
            <field name="sequence">100</field>
            <field name="has_product">no</field>
            <field name="has_quantity">no</field>
            <field name="automated_sequence" eval="False"/>
        </record>
    </data>
</odoo>
