<?xml version="1.0" encoding="utf-8"?>
<odoo>
    <data noupdate="0">

        <record id="super_warehouse_manager" model="res.groups">
            <field name="name">Super Warehouse Manager</field>
            <field name="category_id" ref="base.module_category_inventory_inventory"/>
            <field name="implied_ids" eval="[(4, ref('stock.group_stock_manager'))]"/>
            <field name="users" eval="[(4, ref('base.user_root')), (4, ref('base.user_admin'))]"/>
        </record>
        <!-- Stock Locations -->
        <record id="stock_location_comp_rule_limited" model="ir.rule">
            <field name="name">Location multi-company</field>
            <field name="model_id" ref="model_stock_location"/>
            <field name="groups" eval="[(4, ref('base.group_user'))]"/>
            <field name="domain_force">[
                '&amp;',
                    '|',
                        ('company_id','=',False),
                        ('company_id', 'in', company_ids),
                    '|',
                        ('user_ids', '=', False),
                        ('user_ids', '=', user.id),
            ]</field>
        </record>
        <record id="stock_location_comp_rule_super_manager" model="ir.rule">
            <field name="name">Super Warehouse Manager Locations</field>
            <field name="model_id" ref="stock.model_stock_location"/>
            <field name="groups" eval="[(4, ref('stock_limitation.super_warehouse_manager'))]"/>
            <field name="domain_force">[
                '|',
                    ('company_id', '=', False),
                    ('company_id', 'in', company_ids),
            ]</field>
        </record>
        <!-- Stock Quants -->
        <record id="stock_quant_rule_limited" model="ir.rule">
            <field name="name">stock_quant multi-company</field>
            <field name="model_id" ref="stock.model_stock_quant"/>
            <field name="groups" eval="[(4, ref('base.group_user'))]"/>
            <field name="domain_force">[
                '&amp;',
                    '|',
                        ('company_id','=',False),
                        ('company_id', 'in', company_ids),
                    '|',
                        ('location_id.user_ids', '=', False),
                        ('location_id.user_ids', '=', user.id),
            ]</field>
        </record>
        <record id="stock_quant_rule_super_manager" model="ir.rule">
            <field name="name">Super Warehouse Manager Quants</field>
            <field name="model_id" ref="stock.model_stock_quant"/>
            <field name="groups" eval="[(4, ref('stock_limitation.super_warehouse_manager'))]"/>
            <field name="domain_force">[
                '|',
                    ('company_id','=',False),
                    ('company_id', 'in', company_ids),
            ]</field>
        </record>
        <!-- Stock Moves -->
        <record id="stock_move_rule_limited" model="ir.rule">
             <field name="name">stock_move multi-company</field>
            <field name="model_id" search="[('model','=','stock.move')]" model="ir.model"/>
            <field name="groups" eval="[(4, ref('base.group_user'))]"/>
            <field name="domain_force">[
                '&amp;',
                    ('company_id', 'in', company_ids), 
                    '&amp;',
                        '|',
                            ('location_id.user_ids', '=', False),
                            ('location_id.user_ids', '=', user.id),
                        '|',
                            ('location_dest_id.user_ids', '=', False),
                            ('location_dest_id.user_ids', '=', user.id),
            ]</field>
        </record>
        <record id="stock_move_rule_super_manager" model="ir.rule">
            <field name="name">Super Warehouse stock_move</field>
            <field name="model_id" ref="stock.model_stock_move"/>
            <field name="groups" eval="[(4, ref('stock_limitation.super_warehouse_manager'))]"/>
            <field name="domain_force">[('company_id', 'in', company_ids), ]
            </field>
        </record>

        <!-- Stock Move Line -->
        <record id="stock_move_line_rule" model="ir.rule">
             <field name="name">stock_move multi-company</field>
            <field name="model_id" search="[('model','=','stock.move.line')]" model="ir.model"/>
            <field name="groups" eval="[(4, ref('base.group_user'))]"/>
            <field name="domain_force">[
                '&amp;',
                    '|',
                        ('location_id.user_ids', '=', False),
                        ('location_id.user_ids', '=', user.id),
                    '|',
                        ('location_dest_id.user_ids', '=', False),
                        ('location_dest_id.user_ids', '=', user.id),
            ]</field>
        </record>
        <record id="stock_move_line_rule_super_manager" model="ir.rule">
            <field name="name">Super Warehouse stock_move</field>
            <field name="model_id" ref="stock.model_stock_move_line"/>
            <field name="groups" eval="[(4, ref('stock_limitation.super_warehouse_manager'))]"/>
            <field name="domain_force">[]
            </field>
        </record>

        <!-- Stock Pickings -->
        <record id="stock_picking_rule_limited" model="ir.rule">
            <field name="name">stock_picking multi-company</field>
            <field name="model_id" search="[('model','=','stock.picking')]" model="ir.model"/>
            <field name="groups" eval="[(4, ref('base.group_user'))]"/>
            <field name="domain_force">[
                '&amp;',
                    ('company_id', 'in', company_ids),
                    '&amp;',
                        '|','|',
                            ('location_id', '=', False),
                            ('location_id.user_ids', '=', False),
                            ('location_id.user_ids', '=', user.id),
                        '|','|',
                            ('location_dest_id', '=', False),
                            ('location_dest_id.user_ids', '=', False),
                            ('location_dest_id.user_ids', '=', user.id),
            ]</field>
        </record>
        <record id="stock_picking_rule_super_manager" model="ir.rule">
            <field name="name">Super Warehouse stock_move</field>
            <field name="model_id" ref="stock.model_stock_picking"/>
            <field name="groups" eval="[(4, ref('stock_limitation.super_warehouse_manager'))]"/>
            <field name="domain_force">[('company_id', 'in', company_ids),]</field>
        </record>
        <!-- Stock Picking Types -->
        <record id="stock_picking_type_rule_limited" model="ir.rule">
            <field name="name">Stock Picking Type multi-company</field>
            <field name="model_id" search="[('model', '=', 'stock.picking.type')]" model="ir.model"/>
            <field name="groups" eval="[(4, ref('base.group_user'))]"/>
            <field name="domain_force">[
                '&amp;',
                    ('company_id', 'in', company_ids),
                    '&amp;',
                        '|', '|',
                              ('default_location_dest_id', '=', False),
                              ('default_location_dest_id.user_ids', '=', False),
                              ('default_location_dest_id.user_ids', '=', user.id),
                        '|', '|',
                              ('default_location_src_id', '=', False),
                              ('default_location_src_id.user_ids', '=', False),
                              ('default_location_src_id.user_ids', '=', user.id),
            ]</field>
        </record>
        <record  id="stock_picking_type_rule_super_manager" model="ir.rule">
            <field name="name">Super Warehouse Manager Locations Picking Type</field>
            <field name="model_id" search="[('model', '=', 'stock.picking.type')]" model="ir.model"/>
            <field name="groups" eval="[(4, ref('stock_limitation.super_warehouse_manager'))]"/>
            <field name="domain_force">[('company_id', 'in', company_ids),]</field>
        </record>

    </data>
</odoo>
