<?xml version="1.0" encoding="utf-8"?>
<odoo>
    <data noupdate="0">
        <record id="group_approval_credit_note" model="res.groups">
            <field name="name">Add Approval Credit Note</field>
            <field name="category_id" ref="base.module_category_hidden"/>
        </record>

        <record id="group_approval_return" model="res.groups">
            <field name="name">Add Approval Return</field>
            <field name="category_id" ref="base.module_category_hidden"/>
        </record>
    </data>
</odoo>