id,name,model_id:id,group_id:id,perm_read,perm_write,perm_create,perm_unlink
access_lease_contract_admin,lease.contract,model_lease_contract,lab_lease.lab_lease_admin,1,1,1,1
access_lease_contract_user,lease.contract,model_lease_contract,lab_lease.lab_lease_user,1,1,1,0
access_lease_product_admin,lease.product,model_lease_product,lab_lease.lab_lease_admin,1,1,1,1
access_lease_product_user,lease.product,model_lease_product,lab_lease.lab_lease_user,1,1,1,0
access_lease_contract_line_admin,lease.contract.line,model_lease_contract_line,lab_lease.lab_lease_admin,1,1,1,1
access_lease_contract_line_user,lease.contract.line,model_lease_contract_line,lab_lease.lab_lease_user,1,1,1,0
