<odoo>
	<data>

		<record id="lab_lease_groups_category" model="ir.module.category">
			<field name="name">Lab Lease</field>
		</record>

		<record id="lab_lease_user" model="res.groups">
			<field name="category_id" ref="lab_lease_groups_category"/>
			<field name="name">User</field>
		</record>

		<record id="lab_lease_admin" model="res.groups">
			<field name="category_id" ref="lab_lease_groups_category"/>
			<field name="name">Admininstrator</field>
			<field name="implied_ids" eval="[(4, ref('lab_lease.lab_lease_user') )]"/>
			<field name="users" eval="[(4, 2)]"/>
		</record>

	</data>
</odoo>