<?xml version="1.0" encoding="utf-8"?>
<odoo>
    <data noupdate="1">
        
        <record id="group_limited_acces_journal_user" model="res.groups">
            <field name="name">Limited Access by Journals</field>
            <field name="implied_ids" eval="[(4, ref('base.group_user'))]"/>
        </record>

        <record model="ir.rule" id="probc_custom_account_move_secure_rules">
            <field name="name">Account Move Security</field>
            <field name="model_id" ref="account.model_account_move"/>
            <field name="groups" eval="[(4, ref('invoice_by_journal_users.group_limited_acces_journal_user'))]"/>
            <field name="domain_force">['|', ('journal_id.custom_user_ids', '=', False), ('journal_id.custom_user_ids', 'in', user.id)]</field>
        </record>

        <record model="ir.rule" id="probc_custom_account_move_line_secure_rules">
            <field name="name">Account Move Line Security</field>
            <field name="model_id" ref="account.model_account_move_line"/>
            <field name="groups" eval="[(4, ref('invoice_by_journal_users.group_limited_acces_journal_user'))]"/>
            <field name="domain_force">['|', ('move_id.journal_id.custom_user_ids', '=', False), ('move_id.journal_id.custom_user_ids', 'in', user.id)]</field>
        </record>

	</data>
</odoo>